09-16-2013 10:05:18, 0.0, 0.0, 0.0, 0.0, 0.0, 0.0, 0.0, 0, 0, , , , null
09-16-2013 11:02:41, 23.076923076923077, 0.0, 0.0, 0.0, 2.564102564102564, 74.35897435897436, 0.0, 0, -1, , , , [How to Make Frames (Main Windows) (The Java™ Tutorials > Creating a GUI With JFC/Swing > Using Swing Components)	http://docs.oracle.com/javase/tutorial/uiswing/components/frame.html, http://www.google.com/url?sa=t&rct=j&q=&esrc=s&source=web&cd=1&ved=0CCsQFjAA&url=http://docs.oracle.com/javase/tutorial/uiswing/components/frame.html&ei=IR83Ur61K4XW9ATyo4HYBg&usg=AFQjCNHwnp_fEglsBxj2lR_mKiMRNbAmIg&bvm=bv.52164340,d.eWU	http://www.google.com/url?sa=t&rct=j&q=&esrc=s&source=web&cd=1&ved=0CCsQFjAA&url=http%3A%2F%2Fdocs.oracle.com%2Fjavase%2Ftutorial%2Fuiswing%2Fcomponents%2Fframe.html&ei=IR83Ur61K4XW9ATyo4HYBg&usg=AFQjCNHwnp_fEglsBxj2lR_mKiMRNbAmIg&bvm=bv.52164340,d.eWU, create window swing - Google Search	https://www.google.com/search?q=create+window+swing&ie=utf-8&oe=utf-8&aq=t&rls=org.mozilla:en-US:official&client=firefox-a&channel=fflb, Java Swing: how to add an image to a JPanel? - Stack Overflow	http://stackoverflow.com/questions/299495/java-swing-how-to-add-an-image-to-a-jpanel, http://www.google.com/url?sa=t&rct=j&q=&esrc=s&source=web&cd=21&ved=0CGsQFjAU&url=http://stackoverflow.com/questions/299495/java-swing-how-to-add-an-image-to-a-jpanel&ei=wh43UrO_C4jY8gSMmIGgAQ&usg=AFQjCNHG749dgngPWNyNrio_BSwJ7wOfaQ&bvm=bv.52164340,d.eWU	http://www.google.com/url?sa=t&rct=j&q=&esrc=s&source=web&cd=21&ved=0CGsQFjAU&url=http%3A%2F%2Fstackoverflow.com%2Fquestions%2F299495%2Fjava-swing-how-to-add-an-image-to-a-jpanel&ei=wh43UrO_C4jY8gSMmIGgAQ&usg=AFQjCNHG749dgngPWNyNrio_BSwJ7wOfaQ&bvm=bv.52164340,d.eWU, swing awt create image - Google Search	https://www.google.com/search?q=swing+awt+moving+object&ie=utf-8&oe=utf-8&aq=t&rls=org.mozilla:en-US:official&client=firefox-a&channel=fflb#channel=fflb&q=swing+awt+create+image&rls=org.mozilla:en-US%3Aofficial, swing awt moving object - Google Search	https://www.google.com/search?q=swing+awt+moving+object&ie=utf-8&oe=utf-8&aq=t&rls=org.mozilla:en-US:official&client=firefox-a&channel=fflb]
09-16-2013 11:10:17, 0.0, 0.0, 0.0, 0.0, 7.5, 92.5, 0.0, 0, -1, , , , [import swing eclipse - Google Search	https://www.google.com/search?q=swing+awt+imports&ie=utf-8&oe=utf-8&aq=t&rls=org.mozilla:en-US:official&client=firefox-a&channel=fflb#channel=fflb&q=import%20swing%20eclipse&rls=org.mozilla:en-US%3Aofficial, import swing eclipse - Google Search	https://www.google.com/search?q=swing+awt+imports&ie=utf-8&oe=utf-8&aq=t&rls=org.mozilla:en-US:official&client=firefox-a&channel=fflb#channel=fflb&q=import+swing+eclipse&rls=org.mozilla:en-US%3Aofficial, swing awt imports - Google Search	https://www.google.com/search?q=swing+awt+imports&ie=utf-8&oe=utf-8&aq=t&rls=org.mozilla:en-US:official&client=firefox-a&channel=fflb]
09-16-2013 11:11:33, 40.0, 0.0, 0.0, 48.57142857142857, 0.0, 11.428571428571429, 0.0, 0, -1, , , , [java - Eclipse doesn't find javax.swing - Stack Overflow	http://stackoverflow.com/questions/14181142/eclipse-doesnt-find-javax-swing, http://www.google.com/url?sa=t&rct=j&q=&esrc=s&source=web&cd=1&sqi=2&ved=0CCkQFjAA&url=http://stackoverflow.com/questions/14181142/eclipse-doesnt-find-javax-swing&ei=hB83Uqi3D4zY9QSR_oGYAg&usg=AFQjCNHTfd6g2vGI_HF4CLw0HKHyD9wzpg&bvm=bv.52164340,d.eWU	http://www.google.com/url?sa=t&rct=j&q=&esrc=s&source=web&cd=1&sqi=2&ved=0CCkQFjAA&url=http%3A%2F%2Fstackoverflow.com%2Fquestions%2F14181142%2Feclipse-doesnt-find-javax-swing&ei=hB83Uqi3D4zY9QSR_oGYAg&usg=AFQjCNHTfd6g2vGI_HF4CLw0HKHyD9wzpg&bvm=bv.52164340,d.eWU]
09-16-2013 11:13:04, 29.629629629629626, 0.0, 0.0, 29.629629629629626, 7.4074074074074066, 33.33333333333333, 0.0, 0, -1, , , , null
09-16-2013 11:14:19, 31.70731707317073, 0.0, 0.0, 60.97560975609756, 0.0, 7.317073170731707, 0.0, 0, -1, , , , null
09-16-2013 11:14:38, 45.94594594594595, 0.0, 0.0, 54.054054054054056, 0.0, 0.0, 0.0, 0, -1, , , , null
09-16-2013 11:14:51, 38.46153846153847, 0.0, 0.0, 61.53846153846154, 0.0, 0.0, 0.0, 0, -1, , , , [Create a Simple Window Using JFrame	http://java.about.com/od/creatinguserinterfaces/ss/simplewindow.htm, Create the Application Class	http://java.about.com/od/creatinguserinterfaces/ss/simplewindow_2.htm, http://www.google.com/url?sa=t&rct=j&q=&esrc=s&source=web&cd=4&ved=0CEUQFjAD&url=http://java.about.com/od/creatinguserinterfaces/ss/simplewindow.htm&ei=fiA3UrCpF4mM9ASOsoGABw&usg=AFQjCNGsjdHsamoKCC2-KqP36Gb3N4Qk7g&bvm=bv.52164340,d.eWU	http://www.google.com/url?sa=t&rct=j&q=&esrc=s&source=web&cd=4&ved=0CEUQFjAD&url=http%3A%2F%2Fjava.about.com%2Fod%2Fcreatinguserinterfaces%2Fss%2Fsimplewindow.htm&ei=fiA3UrCpF4mM9ASOsoGABw&usg=AFQjCNGsjdHsamoKCC2-KqP36Gb3N4Qk7g&bvm=bv.52164340,d.eWU, create frame swing - Google Search	https://www.google.com/search?q=create+window+swing&ie=utf-8&oe=utf-8&aq=t&rls=org.mozilla:en-US:official&client=firefox-a&channel=fflb#channel=fflb&q=create+frame+swing&rls=org.mozilla:en-US%3Aofficial]
09-16-2013 11:16:29, 21.428571428571427, 0.0, 0.0, 69.04761904761905, 0.0, 9.523809523809524, 0.0, 0, -1, , , , null
09-16-2013 11:16:57, 22.5, 0.0, 0.0, 77.5, 0.0, 0.0, 0.0, 0, -1, , , , null
09-16-2013 11:17:24, 34.21052631578947, 0.0, 0.0, 63.1578947368421, 0.0, 2.631578947368421, 0.0, 0, -1, , , , [Add a JLabel to the JFrame	http://java.about.com/od/creatinguserinterfaces/ss/simplewindow_4.htm, The Function to Create the JFrame	http://java.about.com/od/creatinguserinterfaces/ss/simplewindow_3.htm]
09-16-2013 11:18:27, 28.888888888888886, 0.0, 0.0, 68.88888888888889, 0.0, 2.2222222222222223, 0.0, 0, 1, API, Surmountable, Asked for help, [Java Simple GUI Programming Examples - How to draw a solid rectange using GUI?	http://www.tutorialspoint.com/javaexamples/gui_solid.htm]
09-16-2013 11:20:41, 40.476190476190474, 0.0, 0.0, 45.23809523809524, 0.0, 14.285714285714285, 0.0, 0, -1, , , , null
09-16-2013 11:20:57, 42.857142857142854, 0.0, 0.0, 57.14285714285714, 0.0, 0.0, 0.0, 0, -1, , , , null
09-16-2013 11:21:57, 33.33333333333333, 0.0, 0.0, 54.54545454545454, 0.0, 12.121212121212121, 0.0, 0, -1, , , , [swing - when should I use JFrame.add(component) and JFrame.getContentPane().add(component) in java - Stack Overflow	http://stackoverflow.com/questions/7554125/when-should-i-use-jframe-addcomponent-and-jframe-getcontentpane-addcomponen, http://www.google.com/url?sa=t&rct=j&q=&esrc=s&source=web&cd=3&ved=0CDUQFjAC&url=http://stackoverflow.com/questions/7554125/when-should-i-use-jframe-addcomponent-and-jframe-getcontentpane-addcomponen&ei=OSI3Upr6M4rw8QTOtoGABQ&usg=AFQjCNGEQFO2QXGx8tXd1lqHDTdVxJqWjw&bvm=bv.52164340,d.eWU	http://www.google.com/url?sa=t&rct=j&q=&esrc=s&source=web&cd=3&ved=0CDUQFjAC&url=http%3A%2F%2Fstackoverflow.com%2Fquestions%2F7554125%2Fwhen-should-i-use-jframe-addcomponent-and-jframe-getcontentpane-addcomponen&ei=OSI3Upr6M4rw8QTOtoGABQ&usg=AFQjCNGEQFO2QXGx8tXd1lqHDTdVxJqWjw&bvm=bv.52164340,d.eWU, JFrame (Java Platform SE 7 )	http://docs.oracle.com/javase/7/docs/api/javax/swing/JFrame.html#setRootPaneCheckingEnabled(boolean), JFrame (Java Platform SE 7 )	http://docs.oracle.com/javase/7/docs/api/javax/swing/JFrame.html, http://www.google.com/url?sa=t&rct=j&q=&esrc=s&source=web&cd=2&ved=0CDAQFjAB&url=http://docs.oracle.com/javase/7/docs/api/javax/swing/JFrame.html&ei=OSI3Upr6M4rw8QTOtoGABQ&usg=AFQjCNEOXupaV9mjxvBtputcfBgt2PGz5A&bvm=bv.52164340,d.eWU	http://www.google.com/url?sa=t&rct=j&q=&esrc=s&source=web&cd=2&ved=0CDAQFjAB&url=http%3A%2F%2Fdocs.oracle.com%2Fjavase%2F7%2Fdocs%2Fapi%2Fjavax%2Fswing%2FJFrame.html&ei=OSI3Upr6M4rw8QTOtoGABQ&usg=AFQjCNEOXupaV9mjxvBtputcfBgt2PGz5A&bvm=bv.52164340,d.eWU, JFrame (Java Platform SE 6)	http://docs.oracle.com/javase/6/docs/api/javax/swing/JFrame.html, http://www.google.com/url?sa=t&rct=j&q=&esrc=s&source=web&cd=1&ved=0CCsQFjAA&url=http://docs.oracle.com/javase/6/docs/api/javax/swing/JFrame.html&ei=OSI3Upr6M4rw8QTOtoGABQ&usg=AFQjCNFgjMK1YXjYV6Jorq2K7_Qh-R4U5A&bvm=bv.52164340,d.eWU	http://www.google.com/url?sa=t&rct=j&q=&esrc=s&source=web&cd=1&ved=0CCsQFjAA&url=http%3A%2F%2Fdocs.oracle.com%2Fjavase%2F6%2Fdocs%2Fapi%2Fjavax%2Fswing%2FJFrame.html&ei=OSI3Upr6M4rw8QTOtoGABQ&usg=AFQjCNFgjMK1YXjYV6Jorq2K7_Qh-R4U5A&bvm=bv.52164340,d.eWU, jframe.add - Google Search	https://www.google.com/search?q=jframe.add&ie=utf-8&oe=utf-8&aq=t&rls=org.mozilla:en-US:official&client=firefox-a]
09-16-2013 11:24:41, 35.294117647058826, 0.0, 0.0, 47.05882352941176, 0.0, 17.647058823529413, 0.0, 0, 1, , , Asked for help, [Extending the JFrame Class	http://chortle.ccsu.edu/java5/Notes/chap56/ch56_11.html]
09-16-2013 11:28:35, 10.81081081081081, 0.0, 0.0, 32.432432432432435, 8.108108108108109, 48.64864864864865, 0.0, 0, -1, , , , null
09-16-2013 11:29:09, 31.57894736842105, 0.0, 0.0, 57.89473684210527, 0.0, 10.526315789473683, 0.0, 0, -1, , , , null
09-16-2013 11:29:34, 24.444444444444443, 0.0, 0.0, 66.66666666666666, 0.0, 8.88888888888889, 0.0, 0, -1, , , , null
09-16-2013 11:30:12, 33.33333333333333, 0.0, 0.0, 57.14285714285714, 0.0, 9.523809523809524, 0.0, 0, -1, , , , null
09-16-2013 11:31:05, 38.70967741935484, 0.0, 0.0, 38.70967741935484, 9.67741935483871, 12.903225806451612, 0.0, 0, -1, , , , null
09-16-2013 11:31:39, 32.432432432432435, 0.0, 0.0, 62.16216216216216, 0.0, 5.405405405405405, 0.0, 0, -1, , , , null
09-16-2013 11:32:52, 32.432432432432435, 0.0, 0.0, 56.75675675675676, 0.0, 10.81081081081081, 0.0, 0, -1, , , , null
09-16-2013 11:33:17, 41.86046511627907, 0.0, 0.0, 58.139534883720934, 0.0, 0.0, 0.0, 0, -1, , , , [Casting variables in Java - Stack Overflow	http://stackoverflow.com/questions/5289393/casting-variables-in-java, http://www.google.com/url?sa=t&rct=j&q=&esrc=s&source=web&cd=3&ved=0CDgQFjAC&url=http://stackoverflow.com/questions/5289393/casting-variables-in-java&ei=ySQ3UoTPEIW88AS49oCAAQ&usg=AFQjCNEOGJGhsQBbkRdYaK_9srHer9DjJA&bvm=bv.52164340,d.eWU	http://www.google.com/url?sa=t&rct=j&q=&esrc=s&source=web&cd=3&ved=0CDgQFjAC&url=http%3A%2F%2Fstackoverflow.com%2Fquestions%2F5289393%2Fcasting-variables-in-java&ei=ySQ3UoTPEIW88AS49oCAAQ&usg=AFQjCNEOGJGhsQBbkRdYaK_9srHer9DjJA&bvm=bv.52164340,d.eWU, Casting objects in Java - Stack Overflow	http://stackoverflow.com/questions/5306835/casting-objects-in-java, http://www.google.com/url?sa=t&rct=j&q=&esrc=s&source=web&cd=2&ved=0CDIQFjAB&url=http://stackoverflow.com/questions/5306835/casting-objects-in-java&ei=ySQ3UoTPEIW88AS49oCAAQ&usg=AFQjCNFm8qwSZVduQN4me8crO5T4Hsmgqw&bvm=bv.52164340,d.eWU	http://www.google.com/url?sa=t&rct=j&q=&esrc=s&source=web&cd=2&ved=0CDIQFjAB&url=http%3A%2F%2Fstackoverflow.com%2Fquestions%2F5306835%2Fcasting-objects-in-java&ei=ySQ3UoTPEIW88AS49oCAAQ&usg=AFQjCNFm8qwSZVduQN4me8crO5T4Hsmgqw&bvm=bv.52164340,d.eWU, java casting - Google Search	https://www.google.com/search?q=java+casting&ie=utf-8&oe=utf-8&aq=t&rls=org.mozilla:en-US:official&client=firefox-a&channel=fflb]
09-16-2013 11:34:53, 40.54054054054054, 0.0, 0.0, 45.94594594594595, 2.7027027027027026, 10.81081081081081, 0.0, 0, -1, , , , null
09-16-2013 11:35:57, 42.857142857142854, 0.0, 0.0, 40.0, 5.714285714285714, 11.428571428571429, 0.0, 0, -1, , , , null
09-16-2013 11:37:24, 25.0, 0.0, 0.0, 50.0, 5.0, 20.0, 0.0, 0, -1, , , , null
09-16-2013 11:38:09, 16.666666666666664, 0.0, 0.0, 59.523809523809526, 2.380952380952381, 21.428571428571427, 0.0, 0, -1, , , , null
09-16-2013 11:39:36, 38.23529411764706, 0.0, 0.0, 44.11764705882353, 2.941176470588235, 14.705882352941178, 0.0, 0, -1, , , , null
09-16-2013 11:41:03, 14.634146341463413, 0.0, 0.0, 56.09756097560976, 4.878048780487805, 24.390243902439025, 0.0, 0, -1, , , , [graphics - How to create a Rectangle object in Java using g.fillRect method - Stack Overflow	http://stackoverflow.com/questions/11745595/how-to-create-a-rectangle-object-in-java-using-g-fillrect-method, http://www.google.com/url?sa=t&rct=j&q=&esrc=s&source=web&cd=4&ved=0CDwQFjAD&url=http://stackoverflow.com/questions/11745595/how-to-create-a-rectangle-object-in-java-using-g-fillrect-method&ei=3SY3UpLECY6E9gTc_IDgBg&usg=AFQjCNGkrPmyVqbTmiIYfXZnHjWxHPzoKg&bvm=bv.52164340,d.eWU	http://www.google.com/url?sa=t&rct=j&q=&esrc=s&source=web&cd=4&ved=0CDwQFjAD&url=http%3A%2F%2Fstackoverflow.com%2Fquestions%2F11745595%2Fhow-to-create-a-rectangle-object-in-java-using-g-fillrect-method&ei=3SY3UpLECY6E9gTc_IDgBg&usg=AFQjCNGkrPmyVqbTmiIYfXZnHjWxHPzoKg&bvm=bv.52164340,d.eWU, graphics fillrect color - Google Search	https://www.google.com/search?q=graphics+fillrect+color&ie=utf-8&oe=utf-8&aq=t&rls=org.mozilla:en-US:official&client=firefox-a, Graphics (Java 2 Platform SE v1.4.2)	http://docs.oracle.com/javase/1.4.2/docs/api/java/awt/Graphics.html#fillRect(int,%20int,%20int,%20int), http://www.google.com/url?sa=t&rct=j&q=&esrc=s&source=web&cd=1&ved=0CCkQFjAA&url=http://docs.oracle.com/javase/1.4.2/docs/api/java/awt/Graphics.html&ei=pCY3Ut-dLoHQ8QSokYHYCw&usg=AFQjCNEA6-LPg4_A0TMfFL4__8o8rn0aFg&bvm=bv.52164340,d.eWU	http://www.google.com/url?sa=t&rct=j&q=&esrc=s&source=web&cd=1&ved=0CCkQFjAA&url=http%3A%2F%2Fdocs.oracle.com%2Fjavase%2F1.4.2%2Fdocs%2Fapi%2Fjava%2Fawt%2FGraphics.html&ei=pCY3Ut-dLoHQ8QSokYHYCw&usg=AFQjCNEA6-LPg4_A0TMfFL4__8o8rn0aFg&bvm=bv.52164340,d.eWU, swing fillrect - Google Search	https://www.google.com/search?q=fill+rect&ie=utf-8&oe=utf-8&aq=t&rls=org.mozilla:en-US:official&client=firefox-a&channel=fflb#channel=fflb&q=swing+fillrect&rls=org.mozilla:en-US%3Aofficial, fill rect - Google Search	https://www.google.com/search?q=fill+rect&ie=utf-8&oe=utf-8&aq=t&rls=org.mozilla:en-US:official&client=firefox-a&channel=fflb]
09-16-2013 11:43:08, 33.33333333333333, 0.0, 0.0, 58.333333333333336, 2.7777777777777777, 5.555555555555555, 0.0, 0, -1, , , , [Color (Java 2 Platform SE v1.4.2)	http://docs.oracle.com/javase/1.4.2/docs/api/java/awt/Color.html#red, Color (Java 2 Platform SE v1.4.2)	http://docs.oracle.com/javase/1.4.2/docs/api/java/awt/Color.html, Graphics (Java 2 Platform SE v1.4.2)	http://docs.oracle.com/javase/1.4.2/docs/api/java/awt/Graphics.html#setColor(java.awt.Color)]
09-16-2013 11:44:15, 33.33333333333333, 0.0, 0.0, 61.53846153846154, 0.0, 5.128205128205128, 0.0, 0, -1, , , , null
09-16-2013 11:44:52, 29.268292682926827, 0.0, 0.0, 65.85365853658537, 0.0, 4.878048780487805, 0.0, 0, -1, , , , null
09-16-2013 11:45:18, 28.205128205128204, 0.0, 0.0, 66.66666666666666, 0.0, 5.128205128205128, 0.0, 0, -1, , , , null
09-16-2013 11:46:08, 17.073170731707318, 0.0, 0.0, 73.17073170731707, 4.878048780487805, 4.878048780487805, 0.0, 0, -1, , , , [JComponent (Java Platform SE 7 )	http://docs.oracle.com/javase/7/docs/api/javax/swing/JComponent.html#paint(java.awt.Graphics), http://www.google.com/url?sa=t&rct=j&q=&esrc=s&source=web&cd=2&ved=0CDEQFjAB&url=http://docs.oracle.com/javase/7/docs/api/javax/swing/JPanel.html&ei=8Cc3Us_EMZGI9AST74CwAg&usg=AFQjCNEIuuFv6CWHIKOur29qtGwClM2ecg&bvm=bv.52164340,d.eWU	http://www.google.com/url?sa=t&rct=j&q=&esrc=s&source=web&cd=2&ved=0CDEQFjAB&url=http%3A%2F%2Fdocs.oracle.com%2Fjavase%2F7%2Fdocs%2Fapi%2Fjavax%2Fswing%2FJPanel.html&ei=8Cc3Us_EMZGI9AST74CwAg&usg=AFQjCNEIuuFv6CWHIKOur29qtGwClM2ecg&bvm=bv.52164340,d.eWU, swinf jpanel - Google Search	https://www.google.com/search?q=jpanel+paint&ie=utf-8&oe=utf-8&aq=t&rls=org.mozilla:en-US:official&client=firefox-a#q=swinf+jpanel&rls=org.mozilla:en-US%3Aofficial, java - Paint background of JPanel - Stack Overflow	http://stackoverflow.com/questions/1987976/paint-background-of-jpanel, http://www.google.com/url?sa=t&rct=j&q=&esrc=s&source=web&cd=1&ved=0CCsQFjAA&url=http://stackoverflow.com/questions/1987976/paint-background-of-jpanel&ei=3yc3UveyLIXM9QTK6YDIBg&usg=AFQjCNF-rPs5Uq0ZF_G18zzC1l84Q9FPeQ&bvm=bv.52164340,d.eWU	http://www.google.com/url?sa=t&rct=j&q=&esrc=s&source=web&cd=1&ved=0CCsQFjAA&url=http%3A%2F%2Fstackoverflow.com%2Fquestions%2F1987976%2Fpaint-background-of-jpanel&ei=3yc3UveyLIXM9QTK6YDIBg&usg=AFQjCNF-rPs5Uq0ZF_G18zzC1l84Q9FPeQ&bvm=bv.52164340,d.eWU, How to draw in jPanel? (swing/graphics Java) - Stack Overflow	http://stackoverflow.com/questions/6118737/how-to-draw-in-jpanel-swing-graphics-java, http://www.google.com/url?sa=t&rct=j&q=&esrc=s&source=web&cd=2&ved=0CDIQFjAB&url=http://stackoverflow.com/questions/6118737/how-to-draw-in-jpanel-swing-graphics-java&ei=3yc3UveyLIXM9QTK6YDIBg&usg=AFQjCNGTSAgCNaa5ez3zt6uH-Sgs19jj2w&bvm=bv.52164340,d.eWU	http://www.google.com/url?sa=t&rct=j&q=&esrc=s&source=web&cd=2&ved=0CDIQFjAB&url=http%3A%2F%2Fstackoverflow.com%2Fquestions%2F6118737%2Fhow-to-draw-in-jpanel-swing-graphics-java&ei=3yc3UveyLIXM9QTK6YDIBg&usg=AFQjCNGTSAgCNaa5ez3zt6uH-Sgs19jj2w&bvm=bv.52164340,d.eWU, jpanel paint - Google Search	https://www.google.com/search?q=jpanel+paint&ie=utf-8&oe=utf-8&aq=t&rls=org.mozilla:en-US:official&client=firefox-a]
09-16-2013 11:48:46, 26.190476190476193, 0.0, 0.0, 69.04761904761905, 0.0, 4.761904761904762, 0.0, 0, -1, , , , null
09-16-2013 11:49:00, 20.930232558139537, 0.0, 0.0, 79.06976744186046, 0.0, 0.0, 0.0, 0, -1, , , , null
09-16-2013 11:49:10, 17.073170731707318, 0.0, 0.0, 82.92682926829268, 0.0, 0.0, 0.0, 0, -1, , , , null
09-16-2013 11:49:39, 23.25581395348837, 0.0, 0.0, 67.44186046511628, 0.0, 9.30232558139535, 0.0, 0, -1, , , , null
09-16-2013 11:50:00, 29.166666666666668, 0.0, 0.0, 70.83333333333334, 0.0, 0.0, 0.0, 0, -1, , , , [KeyListerner in JPanel (Swing / AWT / SWT forum at JavaRanch)	http://www.coderanch.com/t/509461/GUI/java/KeyListerner-JPanel, http://www.google.com/url?sa=t&rct=j&q=&esrc=s&source=web&cd=3&ved=0CDcQFjAC&url=http://www.coderanch.com/t/509461/GUI/java/KeyListerner-JPanel&ei=Byk3Ur3XIJLs8gS2qoG4DA&usg=AFQjCNGLUW_IM-wonNBoJM2IUCoXGaQk1g&bvm=bv.52164340,d.eWU	http://www.google.com/url?sa=t&rct=j&q=&esrc=s&source=web&cd=3&ved=0CDcQFjAC&url=http%3A%2F%2Fwww.coderanch.com%2Ft%2F509461%2FGUI%2Fjava%2FKeyListerner-JPanel&ei=Byk3Ur3XIJLs8gS2qoG4DA&usg=AFQjCNGLUW_IM-wonNBoJM2IUCoXGaQk1g&bvm=bv.52164340,d.eWU, bind keys jpanel - Google Search	https://www.google.com/search?q=bind+keys+jpanel&ie=utf-8&oe=utf-8&aq=t&rls=org.mozilla:en-US:official&client=firefox-a]
09-16-2013 11:51:51, 14.285714285714285, 0.0, 0.0, 61.904761904761905, 4.761904761904762, 19.047619047619047, 0.0, 0, -1, , , , [KeyEvent (Java Platform SE 7 )	http://docs.oracle.com/javase/7/docs/api/java/awt/event/KeyEvent.html, KeyListener (Java Platform SE 7 )	http://docs.oracle.com/javase/7/docs/api/java/awt/event/KeyListener.html, http://www.google.com/url?sa=t&rct=j&q=&esrc=s&source=web&cd=1&sqi=2&ved=0CCkQFjAA&url=http://docs.oracle.com/javase/7/docs/api/java/awt/event/KeyListener.html&ei=PCk3Ut_DKIb-9QSdgYHYDg&usg=AFQjCNH7KsbVmbsQiHEkwOG9x-AThy6spA&bvm=bv.52164340,d.eWU	http://www.google.com/url?sa=t&rct=j&q=&esrc=s&source=web&cd=1&sqi=2&ved=0CCkQFjAA&url=http%3A%2F%2Fdocs.oracle.com%2Fjavase%2F7%2Fdocs%2Fapi%2Fjava%2Fawt%2Fevent%2FKeyListener.html&ei=PCk3Ut_DKIb-9QSdgYHYDg&usg=AFQjCNH7KsbVmbsQiHEkwOG9x-AThy6spA&bvm=bv.52164340,d.eWU, keylistener - Google Search	https://www.google.com/search?q=bind+keys+jpanel&ie=utf-8&oe=utf-8&aq=t&rls=org.mozilla:en-US:official&client=firefox-a#q=keylistener&rls=org.mozilla:en-US%3Aofficial, Understanding key bindings. (Swing / AWT / SWT forum at JavaRanch)	http://www.coderanch.com/t/510011/GUI/java/Understanding-key-bindings, http://www.google.com/url?sa=t&rct=j&q=&esrc=s&source=web&cd=4&ved=0CEEQFjAD&url=http://www.coderanch.com/t/510011/GUI/java/Understanding-key-bindings&ei=Byk3Ur3XIJLs8gS2qoG4DA&usg=AFQjCNECElRGcGZJFgKSfVMzXpI8HLy1cg&bvm=bv.52164340,d.eWU	http://www.google.com/url?sa=t&rct=j&q=&esrc=s&source=web&cd=4&ved=0CEEQFjAD&url=http%3A%2F%2Fwww.coderanch.com%2Ft%2F510011%2FGUI%2Fjava%2FUnderstanding-key-bindings&ei=Byk3Ur3XIJLs8gS2qoG4DA&usg=AFQjCNECElRGcGZJFgKSfVMzXpI8HLy1cg&bvm=bv.52164340,d.eWU]
09-16-2013 11:54:47, 21.428571428571427, 0.0, 0.0, 50.0, 4.761904761904762, 23.809523809523807, 0.0, 0, -1, , , , [java - KeyListener, keyPressed versus keyTyped - Stack Overflow	http://stackoverflow.com/questions/7071757/keylistener-keypressed-versus-keytyped, http://www.google.com/url?sa=t&rct=j&q=&esrc=s&source=web&cd=1&ved=0CC0QFjAA&url=http://stackoverflow.com/questions/7071757/keylistener-keypressed-versus-keytyped&ei=Jyo3UvK2NIWa9gSomIDgBg&usg=AFQjCNG3AAQh1BSNATDMoRuiE44tcruGfg&bvm=bv.52164340,d.eWU	http://www.google.com/url?sa=t&rct=j&q=&esrc=s&source=web&cd=1&ved=0CC0QFjAA&url=http%3A%2F%2Fstackoverflow.com%2Fquestions%2F7071757%2Fkeylistener-keypressed-versus-keytyped&ei=Jyo3UvK2NIWa9gSomIDgBg&usg=AFQjCNG3AAQh1BSNATDMoRuiE44tcruGfg&bvm=bv.52164340,d.eWU, keypressed vs keytyped - Google Search	https://www.google.com/search?q=keypressed+vs+keytyped&ie=utf-8&oe=utf-8&aq=t&rls=org.mozilla:en-US:official&client=firefox-a]
09-16-2013 11:57:39, 33.33333333333333, 0.0, 0.0, 44.44444444444444, 2.2222222222222223, 20.0, 0.0, 0, -1, , , , null
09-16-2013 11:58:40, 40.0, 0.0, 0.0, 50.0, 2.5, 7.5, 0.0, 0, -1, , , , null
09-16-2013 11:59:03, 35.55555555555556, 0.0, 0.0, 64.44444444444444, 0.0, 0.0, 0.0, 0, -1, , , , null
09-16-2013 11:59:30, 48.78048780487805, 0.0, 0.0, 51.21951219512195, 0.0, 0.0, 0.0, 0, -1, , , , null
09-16-2013 11:59:50, 31.11111111111111, 0.0, 0.0, 68.88888888888889, 0.0, 0.0, 0.0, 0, -1, , , , null
09-16-2013 12:00:19, 25.0, 0.0, 0.0, 70.83333333333334, 0.0, 4.166666666666666, 0.0, 0, -1, , , , null
09-16-2013 12:00:52, 38.46153846153847, 0.0, 0.0, 56.41025641025641, 0.0, 5.128205128205128, 0.0, 0, -1, , , , null
09-16-2013 12:01:14, 41.86046511627907, 0.0, 0.0, 58.139534883720934, 0.0, 0.0, 0.0, 0, -1, , , , null
09-16-2013 12:01:50, 22.916666666666664, 0.0, 0.0, 77.08333333333334, 0.0, 0.0, 0.0, 0, -1, , , , null
09-16-2013 12:02:10, 36.95652173913043, 0.0, 0.0, 63.04347826086957, 0.0, 0.0, 0.0, 0, -1, , , , null
09-16-2013 12:02:20, 26.08695652173913, 0.0, 0.0, 73.91304347826086, 0.0, 0.0, 0.0, 0, -1, , , , null
09-16-2013 12:02:34, 28.26086956521739, 0.0, 0.0, 71.73913043478261, 0.0, 0.0, 0.0, 0, -1, , , , null
09-16-2013 12:02:52, 31.914893617021278, 0.0, 0.0, 68.08510638297872, 0.0, 0.0, 0.0, 0, -1, , , , [swing - repaint() in Java - Stack Overflow	http://stackoverflow.com/questions/8853397/repaint-in-java, http://www.google.com/url?sa=t&rct=j&q=&esrc=s&source=web&cd=1&ved=0CCsQFjAA&url=http://stackoverflow.com/questions/8853397/repaint-in-java&ei=5is3UpLcA4zk8gSa74GgDA&usg=AFQjCNESpHP5InJi2EnsuxyZ2YvR56bWeA&bvm=bv.52164340,d.eWU	http://www.google.com/url?sa=t&rct=j&q=&esrc=s&source=web&cd=1&ved=0CCsQFjAA&url=http%3A%2F%2Fstackoverflow.com%2Fquestions%2F8853397%2Frepaint-in-java&ei=5is3UpLcA4zk8gSa74GgDA&usg=AFQjCNESpHP5InJi2EnsuxyZ2YvR56bWeA&bvm=bv.52164340,d.eWU, swing - JAVA moving a ball - Stack Overflow	http://stackoverflow.com/questions/9760944/java-moving-a-ball, http://www.google.com/url?sa=t&rct=j&q=&esrc=s&source=web&cd=1&ved=0CCsQFjAA&url=http://stackoverflow.com/questions/9760944/java-moving-a-ball&ei=xCs3UovlEIXG9gTX24CIAw&usg=AFQjCNHcjupZ2pL73qWxgN_mivryv20gYg&bvm=bv.52164340,d.eWU	http://www.google.com/url?sa=t&rct=j&q=&esrc=s&source=web&cd=1&ved=0CCsQFjAA&url=http%3A%2F%2Fstackoverflow.com%2Fquestions%2F9760944%2Fjava-moving-a-ball&ei=xCs3UovlEIXG9gTX24CIAw&usg=AFQjCNHcjupZ2pL73qWxgN_mivryv20gYg&bvm=bv.52164340,d.eWU, move oval jframe - Google Search	https://www.google.com/search?q=move+oval+jframe&ie=utf-8&oe=utf-8&aq=t&rls=org.mozilla:en-US:official&client=firefox-a&channel=fflb]
09-16-2013 12:05:34, 25.0, 0.0, 0.0, 47.5, 12.5, 15.0, 0.0, 0, -1, , , , null
09-16-2013 12:06:05, 26.666666666666668, 0.0, 0.0, 73.33333333333333, 0.0, 0.0, 0.0, 0, -1, , , , null
09-16-2013 12:06:30, 45.45454545454545, 0.0, 0.0, 54.54545454545454, 0.0, 0.0, 0.0, 0, -1, , , , null
09-16-2013 12:06:59, 61.904761904761905, 0.0, 0.0, 38.095238095238095, 0.0, 0.0, 0.0, 0, -1, , , , null
09-16-2013 12:07:30, 40.0, 0.0, 0.0, 60.0, 0.0, 0.0, 0.0, 0, -1, , , , null
09-16-2013 12:07:48, 35.8974358974359, 0.0, 0.0, 61.53846153846154, 2.564102564102564, 0.0, 0.0, 0, -1, , , , [JComponent (Java Platform SE 7 )	http://docs.oracle.com/javase/7/docs/api/javax/swing/JComponent.html#repaint(long,%20int,%20int,%20int,%20int), JPanel (Java Platform SE 7 )	http://docs.oracle.com/javase/7/docs/api/javax/swing/JPanel.html, http://www.google.com/url?sa=t&rct=j&q=&esrc=s&source=web&cd=1&ved=0CCsQFjAA&url=http://docs.oracle.com/javase/7/docs/api/javax/swing/JPanel.html&ei=_Cw3UtieJIHq8QTyuYHIAQ&usg=AFQjCNEIuuFv6CWHIKOur29qtGwClM2ecg&bvm=bv.52164340,d.eWU	http://www.google.com/url?sa=t&rct=j&q=&esrc=s&source=web&cd=1&ved=0CCsQFjAA&url=http%3A%2F%2Fdocs.oracle.com%2Fjavase%2F7%2Fdocs%2Fapi%2Fjavax%2Fswing%2FJPanel.html&ei=_Cw3UtieJIHq8QTyuYHIAQ&usg=AFQjCNEIuuFv6CWHIKOur29qtGwClM2ecg&bvm=bv.52164340,d.eWU, jpanel - Google Search	https://www.google.com/search?q=jpanel&ie=utf-8&oe=utf-8&aq=t&rls=org.mozilla:en-US:official&client=firefox-a&channel=fflb]
09-16-2013 12:10:09, 22.857142857142858, 0.0, 0.0, 40.0, 20.0, 17.142857142857142, 0.0, 0, -1, , , , null
09-16-2013 12:10:28, 29.78723404255319, 0.0, 0.0, 70.2127659574468, 0.0, 0.0, 0.0, 0, -1, , , , null
09-16-2013 12:11:12, 31.70731707317073, 0.0, 0.0, 68.29268292682927, 0.0, 0.0, 0.0, 0, -1, , , , null
09-16-2013 12:11:39, 22.727272727272727, 0.0, 0.0, 77.27272727272727, 0.0, 0.0, 0.0, 0, -1, , , , null
09-16-2013 12:13:13, 20.689655172413794, 0.0, 0.0, 37.93103448275862, 6.896551724137931, 34.48275862068966, 0.0, 0, -1, , , , [Rectangle (Java Platform SE 7 )	http://docs.oracle.com/javase/7/docs/api/java/awt/Rectangle.html, http://www.google.com/url?sa=t&rct=j&q=&esrc=s&source=web&cd=1&ved=0CCsQFjAA&url=http://docs.oracle.com/javase/7/docs/api/java/awt/Rectangle.html&ei=JC43UqyqI4Tk9ASZp4GABQ&usg=AFQjCNFYn8j-axDuAyNh_Ju1OFM39-xblg&bvm=bv.52164340,d.eWU	http://www.google.com/url?sa=t&rct=j&q=&esrc=s&source=web&cd=1&ved=0CCsQFjAA&url=http%3A%2F%2Fdocs.oracle.com%2Fjavase%2F7%2Fdocs%2Fapi%2Fjava%2Fawt%2FRectangle.html&ei=JC43UqyqI4Tk9ASZp4GABQ&usg=AFQjCNFYn8j-axDuAyNh_Ju1OFM39-xblg&bvm=bv.52164340,d.eWU, java rectangle - Google Search	https://www.google.com/search?q=java+rectangle&ie=utf-8&oe=utf-8&aq=t&rls=org.mozilla:en-US:official&client=firefox-a&channel=fflb]
09-16-2013 12:13:57, 43.58974358974359, 0.0, 0.0, 46.15384615384615, 5.128205128205128, 5.128205128205128, 0.0, 0, -1, , , , null
09-16-2013 12:14:39, 55.55555555555556, 0.0, 0.0, 44.44444444444444, 0.0, 0.0, 0.0, 0, -1, , , , null
09-16-2013 12:14:59, 33.33333333333333, 0.0, 0.0, 66.66666666666666, 0.0, 0.0, 0.0, 0, -1, , , , [Circle (JavaFX 2.2)	http://docs.oracle.com/javafx/2/api/javafx/scene/shape/Circle.html, http://www.google.com/url?sa=t&rct=j&q=&esrc=s&source=web&cd=3&ved=0CDcQFjAC&url=http://docs.oracle.com/javafx/2/api/javafx/scene/shape/Circle.html&ei=zC43UtywOIb69QSh84GQCA&usg=AFQjCNH52PJxF5f6A6ZlxsWrOmeT7IxDyA&bvm=bv.52164340,d.eWU	http://www.google.com/url?sa=t&rct=j&q=&esrc=s&source=web&cd=3&ved=0CDcQFjAC&url=http%3A%2F%2Fdocs.oracle.com%2Fjavafx%2F2%2Fapi%2Fjavafx%2Fscene%2Fshape%2FCircle.html&ei=zC43UtywOIb69QSh84GQCA&usg=AFQjCNH52PJxF5f6A6ZlxsWrOmeT7IxDyA&bvm=bv.52164340,d.eWU, java circle - Google Search	https://www.google.com/search?q=java+circle&ie=utf-8&oe=utf-8&aq=t&rls=org.mozilla:en-US:official&client=firefox-a&channel=fflb, Graphics (Java 2 Platform SE v1.4.2)	http://docs.oracle.com/javase/1.4.2/docs/api/java/awt/Graphics.html#drawOval(int,%20int,%20int,%20int), Graphics (Java 2 Platform SE v1.4.2)	http://docs.oracle.com/javase/1.4.2/docs/api/java/awt/Graphics.html, http://www.google.com/url?sa=t&rct=j&q=&esrc=s&source=web&cd=3&ved=0CDwQFjAC&url=http://docs.oracle.com/javase/1.4.2/docs/api/java/awt/Graphics.html&ei=mC43Uoq2FZPE9gTP3YDAAg&usg=AFQjCNEA6-LPg4_A0TMfFL4__8o8rn0aFg&bvm=bv.52164340,d.eWU	http://www.google.com/url?sa=t&rct=j&q=&esrc=s&source=web&cd=3&ved=0CDwQFjAC&url=http%3A%2F%2Fdocs.oracle.com%2Fjavase%2F1.4.2%2Fdocs%2Fapi%2Fjava%2Fawt%2FGraphics.html&ei=mC43Uoq2FZPE9gTP3YDAAg&usg=AFQjCNEA6-LPg4_A0TMfFL4__8o8rn0aFg&bvm=bv.52164340,d.eWU, OVal - the object validation framework for Java™ 5 or later -	http://oval.sourceforge.net/, http://www.google.com/url?sa=t&rct=j&q=&esrc=s&source=web&cd=1&ved=0CCsQFjAA&url=http://oval.sourceforge.net/&ei=mC43Uoq2FZPE9gTP3YDAAg&usg=AFQjCNGOOwjpMFCBA8616X1xXjiedmyusw&bvm=bv.52164340,d.eWU	http://www.google.com/url?sa=t&rct=j&q=&esrc=s&source=web&cd=1&ved=0CCsQFjAA&url=http%3A%2F%2Foval.sourceforge.net%2F&ei=mC43Uoq2FZPE9gTP3YDAAg&usg=AFQjCNGOOwjpMFCBA8616X1xXjiedmyusw&bvm=bv.52164340,d.eWU, java oval - Google Search	https://www.google.com/search?q=java+oval&ie=utf-8&oe=utf-8&aq=t&rls=org.mozilla:en-US:official&client=firefox-a]
09-16-2013 12:16:24, 31.818181818181817, 0.0, 0.0, 59.09090909090909, 0.0, 9.090909090909092, 0.0, 0, -1, , , , null
09-16-2013 12:17:44, 18.181818181818183, 0.0, 0.0, 77.27272727272727, 4.545454545454546, 0.0, 0.0, 0, -1, , , , [awt - repaint() Method in Java - Stack Overflow	http://stackoverflow.com/questions/10852897/repaint-method-in-java, http://www.google.com/url?sa=t&rct=j&q=&esrc=s&source=web&cd=2&ved=0CDEQFjAB&url=http://stackoverflow.com/questions/10852897/repaint-method-in-java&ei=US83Uv_eBob88gSYnYD4Cw&usg=AFQjCNHHAVsQt8467uo1Sznae9LGuVXv2A&bvm=bv.52164340,d.eWU	http://www.google.com/url?sa=t&rct=j&q=&esrc=s&source=web&cd=2&ved=0CDEQFjAB&url=http%3A%2F%2Fstackoverflow.com%2Fquestions%2F10852897%2Frepaint-method-in-java&ei=US83Uv_eBob88gSYnYD4Cw&usg=AFQjCNHHAVsQt8467uo1Sznae9LGuVXv2A&bvm=bv.52164340,d.eWU, repaint java - Google Search	https://www.google.com/search?q=repaint+java&ie=utf-8&oe=utf-8&aq=t&rls=org.mozilla:en-US:official&client=firefox-a]
09-16-2013 12:19:59, 32.5, 0.0, 0.0, 57.49999999999999, 0.0, 10.0, 0.0, 0, 1, , , , [multithreading - How to move Shape in Java? - Stack Overflow	http://stackoverflow.com/questions/14195071/how-to-move-shape-in-java, http://www.google.com/url?sa=t&rct=j&q=&esrc=s&source=web&cd=1&ved=0CCsQFjAA&url=http://stackoverflow.com/questions/14195071/how-to-move-shape-in-java&ei=bTA3Upb1Hobk9gTmj4DACw&usg=AFQjCNEQKJEsA8ttd6vtVX8dXKWqa3s4VQ&bvm=bv.52164340,d.eWU	http://www.google.com/url?sa=t&rct=j&q=&esrc=s&source=web&cd=1&ved=0CCsQFjAA&url=http%3A%2F%2Fstackoverflow.com%2Fquestions%2F14195071%2Fhow-to-move-shape-in-java&ei=bTA3Upb1Hobk9gTmj4DACw&usg=AFQjCNEQKJEsA8ttd6vtVX8dXKWqa3s4VQ&bvm=bv.52164340,d.eWU, move shapes java - Google Search	https://www.google.com/search?q=move+shapes+java&ie=utf-8&oe=utf-8&aq=t&rls=org.mozilla:en-US:official&client=firefox-a&channel=fflb, java - Repaint() doesn't clear the frame - Stack Overflow	http://stackoverflow.com/questions/4904807/repaint-doesnt-clear-the-frame, http://www.google.com/url?sa=t&rct=j&q=&esrc=s&source=web&cd=3&ved=0CDgQFjAC&url=http://stackoverflow.com/questions/4904807/repaint-doesnt-clear-the-frame&ei=1C83UresFI-09gTCgoGwBA&usg=AFQjCNEc7MLI6XZGw8GE4jnVlj1QL_satg&bvm=bv.52164340,d.eWU	http://www.google.com/url?sa=t&rct=j&q=&esrc=s&source=web&cd=3&ved=0CDgQFjAC&url=http%3A%2F%2Fstackoverflow.com%2Fquestions%2F4904807%2Frepaint-doesnt-clear-the-frame&ei=1C83UresFI-09gTCgoGwBA&usg=AFQjCNEc7MLI6XZGw8GE4jnVlj1QL_satg&bvm=bv.52164340,d.eWU, java - How can I repaint efficiently when using big custom component in Swing? - Stack Overflow	http://stackoverflow.com/questions/877965/how-can-i-repaint-efficiently-when-using-big-custom-component-in-swing, http://www.google.com/url?sa=t&rct=j&q=&esrc=s&source=web&cd=1&ved=0CCsQFjAA&url=http://stackoverflow.com/questions/877965/how-can-i-repaint-efficiently-when-using-big-custom-component-in-swing&ei=1C83UresFI-09gTCgoGwBA&usg=AFQjCNFFxfm8cK5L7ydDXknCTjnQ1N8cOQ&bvm=bv.52164340,d.eWU	http://www.google.com/url?sa=t&rct=j&q=&esrc=s&source=web&cd=1&ved=0CCsQFjAA&url=http%3A%2F%2Fstackoverflow.com%2Fquestions%2F877965%2Fhow-can-i-repaint-efficiently-when-using-big-custom-component-in-swing&ei=1C83UresFI-09gTCgoGwBA&usg=AFQjCNFFxfm8cK5L7ydDXknCTjnQ1N8cOQ&bvm=bv.52164340,d.eWU, repaint rectangle java - Google Search	https://www.google.com/search?q=repaint+rectangle+java&ie=utf-8&oe=utf-8&aq=t&rls=org.mozilla:en-US:official&client=firefox-a]
09-16-2013 12:25:36, 12.195121951219512, 0.0, 0.0, 58.536585365853654, 0.0, 29.268292682926827, 0.0, 0, -1, API, Insurmountable, Asked For Help, [java - Rectangle X axis move issue - Stack Overflow	http://stackoverflow.com/questions/17642414/rectangle-x-axis-move-issue]
09-16-2013 12:28:24, 28.57142857142857, 0.0, 0.0, 47.61904761904761, 4.761904761904762, 19.047619047619047, 0.0, 0, -1, API, Surmountable, , null
09-16-2013 12:28:58, 27.77777777777778, 0.0, 0.0, 66.66666666666666, 5.555555555555555, 0.0, 0.0, 0, -1, , , , null
09-16-2013 12:29:30, 48.78048780487805, 0.0, 0.0, 46.34146341463415, 0.0, 4.878048780487805, 0.0, 0, -1, , , , null
09-16-2013 12:30:49, 32.5, 0.0, 0.0, 52.5, 0.0, 15.0, 0.0, 0, -1, , , , [main Method with no Class | DaniWeb	http://www.daniweb.com/software-development/java/threads/349948/main-method-with-no-class, http://www.google.com/url?sa=t&rct=j&q=&esrc=s&source=web&cd=1&ved=0CCsQFjAA&url=http://www.daniweb.com/software-development/java/threads/349948/main-method-with-no-class&ei=hDI3UpbnCYeE8gSNqoFQ&usg=AFQjCNFyifl8TaKeRBo3Y-EMKSqYleyWKw&bvm=bv.52164340,d.eWU	http://www.google.com/url?sa=t&rct=j&q=&esrc=s&source=web&cd=1&ved=0CCsQFjAA&url=http%3A%2F%2Fwww.daniweb.com%2Fsoftware-development%2Fjava%2Fthreads%2F349948%2Fmain-method-with-no-class&ei=hDI3UpbnCYeE8gSNqoFQ&usg=AFQjCNFyifl8TaKeRBo3Y-EMKSqYleyWKw&bvm=bv.52164340,d.eWU, java create frame outside main method - Google Search	https://www.google.com/search?q=java+create+frame+outside+main+method&ie=utf-8&oe=utf-8&aq=t&rls=org.mozilla:en-US:official&client=firefox-a]
09-16-2013 12:32:29, 30.952380952380953, 0.0, 0.0, 54.761904761904766, 0.0, 14.285714285714285, 0.0, 0, 1, , , , null
09-16-2013 12:34:41, 44.73684210526316, 0.0, 0.0, 39.473684210526315, 0.0, 15.789473684210526, 0.0, 0, -1, , , , null
09-16-2013 12:35:13, 38.63636363636363, 0.0, 0.0, 61.36363636363637, 0.0, 0.0, 0.0, 0, -1, , , , [swing - java keylistener not called - Stack Overflow	http://stackoverflow.com/questions/8482268/java-keylistener-not-called]
